<?xml version="1.0" encoding="utf-8"?>
<extension type="component" version="3.0" method="upgrade">
    <name>com_dima_zarinpal</name>
    <creationDate>2021-02-01</creationDate>
    <copyright>Copyright (C) 2021 Dima Software Group. All rights reserved.</copyright>
    <license>GNU General Public License version 2 or later; see LICENSE.txt</license>
    <author>Dima Group</author>
    <authorEmail>info@dima.ir</authorEmail>
    <authorUrl>http://www.dima.ir</authorUrl>
    <version>CVS: 1.0.0</version>
    <description>COM_DIMA_ZARINPAL_XML_DESCRIPTION</description>
    
    <scriptfile>script.php</scriptfile>
    
    <install> <!-- Runs on install -->
        <sql>
            <file driver="mysql" charset="utf8">sql/install.mysql.utf8.sql</file>
        </sql>
    </install>
    <update> <!-- Runs on update -->
        <sql>
            <file driver="mysql" charset="utf8">sql/update.mysql.utf8.sql</file>
        </sql>
    </update>
    <uninstall> <!-- Runs on uninstall -->
        <sql>
            <file driver="mysql" charset="utf8">sql/uninstall.mysql.utf8.sql</file>
        </sql>
    </uninstall>

    <files folder="site">
        <filename>index.html</filename>
        <filename>dima_zarinpal.php</filename>
        <filename>controller.php</filename>
        <filename>router.php</filename>
        <folder>views</folder>
        <folder>models</folder>
        <folder>controllers</folder>
        <folder>helpers</folder>
    </files>
    <media destination="com_dima_zarinpal" folder="media">
        <folder>js</folder>
        <folder>css</folder>
    </media>
    <languages folder="site/languages">
        
			<language tag="en-GB">en-GB/en-GB.com_dima_zarinpal.ini</language>
			<language tag="fa-IR">fa-IR/fa-IR.com_dima_zarinpal.ini</language>
    </languages>
    <administration>
        <menu>COM_DIMA_ZARINPAL</menu>
        <files folder="administrator">
            <filename>access.xml</filename>
            <filename>config.xml</filename>
            <filename>controller.php</filename>
            <filename>index.html</filename>
            <filename>dima_zarinpal.php</filename>
            <folder>controllers</folder>
            <folder>assets</folder>
            <folder>helpers</folder>
            <folder>models</folder>
            <folder>sql</folder>
            <folder>tables</folder>
            <folder>views</folder>
        </files>
        <languages folder="administrator/languages">
            
			<language tag="en-GB">en-GB/en-GB.com_dima_zarinpal.ini</language>
			<language tag="en-GB">en-GB/en-GB.com_dima_zarinpal.sys.ini</language>
			<language tag="fa-IR">fa-IR/fa-IR.com_dima_zarinpal.ini</language>
			<language tag="fa-IR">fa-IR/fa-IR.com_dima_zarinpal.sys.ini</language>
        </languages>
    </administration>
    <config>
        <fields name="params">
            <fieldset name="component">
                <field name="save_history" default="0" />
            </fieldset>
        </fields>
    </config>
</extension>
