<?xml version="1.0"?>
<component>
  <table action="add" table_name="#__dima_zarinpal_orders" storage_engine="" collation="utf8mb4_unicode_ci">
    <field field_name="id" field_type="INT" field_length="11" is_autoincrement="1" index="primary" description=""/>
    <field field_name="state" field_type="TINYINT" field_length="1" index="index" description=""/>
    <field field_name="created_by" field_type="INT" field_length="11" index="index" description=""/>
    <field field_name="modified_by" field_type="INT" field_length="11" index="index" description=""/>
    <field field_name="product" field_type="VARCHAR" field_length="255" description=""/>
    <field field_name="price" field_type="VARCHAR" field_length="255" description=""/>
    <field field_name="rfcode" field_type="TEXT" description=""/>
    <field field_name="created_date" field_type="DATETIME" description=""/>
    <field action="remove" field_name="checked_out"/>
    <field action="remove" field_name="checked_out_time"/>
    <field action="remove" field_name="ordering"/>
  </table>
  <table action="add" table_name="#__dima_zarinpal_products" storage_engine="" collation="utf8mb4_unicode_ci">
    <field action="change" field_name="title" field_type="VARCHAR" field_length="255" description="Title of Your Product"/>
    <field action="change" field_name="description" field_type="TEXT" description="Description of Your Product"/>
    <field field_name="id" field_type="INT" field_length="11" is_autoincrement="1" index="primary" description=""/>
    <field field_name="details" field_type="TEXT" description=""/>
    <field field_name="ordering" field_type="INT" field_length="11" index="index" description=""/>
    <field action="change" field_name="photo" field_type="TEXT" description="You can select several images together, the first image is used to introduce the product and the other images are used for the gallery"/>
    <field field_name="state" field_type="TINYINT" field_length="1" index="index" description=""/>
    <field field_name="category" field_type="TEXT" description="You can put a product in one or more categories."/>
    <field field_name="label" field_type="VARCHAR" field_length="255" description=""/>
    <field field_name="featured" field_type="TINYINT" field_length="1" description=""/>
    <field field_name="created_by" field_type="INT" field_length="11" index="index" description=""/>
    <field field_name="price" field_type="VARCHAR" field_length="255" description=""/>
    <field field_name="modified_by" field_type="INT" field_length="11" index="index" description=""/>
    <field action="change" field_name="document" field_type="TEXT" description="Upload the file you want to sell in zip format. You can select multiple files together."/>
    <field action="change" field_name="link" field_type="VARCHAR" field_length="255" description="If your product has been uploaded to another site, you can add a link to it in this section."/>
    <field field_name="hits" field_type="INT" description=""/>
    <field field_name="download" field_type="INT" description=""/>
    <field field_name="sale" field_type="INT" description=""/>
    <field field_name="created_date" field_type="DATETIME" description=""/>
    <field action="remove" field_name="checked_out"/>
    <field action="remove" field_name="checked_out_time"/>
  </table>
</component>
